Timestamp,PhoneNumber,Sender,Message
22/01/2026, 07:59:16,52115602964571@lid,Farmer,"What’s wrong with this"
22/01/2026, 07:59:22,52115602964571@lid,Bot,"This damage shows active feeding by chewing pests  likely bean leaf beetles or caterpillars.  1. Ins"
22/01/2026, 07:59:42,52115602964571@lid,Farmer,"Where can I get the insecticide on Muhoroni"
22/01/2026, 07:59:55,52115602964571@lid,Farmer,"Where can I get the insecticide on Kipsitet"
22/01/2026, 08:00:51,52115602964571@lid,Farmer,"What’s wrong with this"
22/01/2026, 08:00:53,52115602964571@lid,Bot,"It appears your bean plants are suffering from insect damage.  1. Inspect the plants closely for any"
22/01/2026, 08:01:01,52115602964571@lid,Farmer,"Where can I get the insecticide on Muhoroni"
22/01/2026, 08:01:03,52115602964571@lid,Bot,"Here are some places to get insecticide in Muhoroni:  1. Muhoroni Agrovet  Muhoroni town  0721 XXX X"
22/01/2026, 08:01:31,52115602964571@lid,Farmer,"Where can I get the insecticide on Kipsitet"
22/01/2026, 08:01:33,52115602964571@lid,Bot,"Here are places to get insecticide in Kipsitet and nearby areas:  1. Kiletien Agrovet  Chepseon (Ker"
22/01/2026, 08:02:54,52115602964571@lid,Farmer,"What fertilizer would you recommend for beans"
22/01/2026, 08:02:55,52115602964571@lid,Bot,"For beans  I would recommend a starter fertilizer with good phosphorus content.  1. Consider using D"
22/01/2026, 08:03:22,52115602964571@lid,Farmer,"How do I ensure soil has adequate organic matter"
22/01/2026, 08:03:24,52115602964571@lid,Bot,"To ensure your soil has adequate organic matter  you can do the following:  1. Incorporate compost o"
22/01/2026, 08:03:39,52115602964571@lid,Farmer,"Is soil testing recommended"
22/01/2026, 08:03:41,52115602964571@lid,Bot,"Yes  soil testing is highly recommended for understanding your soil's needs. 1. Crop Nutrition Labor"
22/01/2026, 08:04:06,52115602964571@lid,Farmer,"Which one is closest to Kericho"
22/01/2026, 08:04:09,52115602964571@lid,Bot,"For the closest agrovet shops to Kericho  here are your options:  1. Tulwet (Kericho - Opp. County G"
22/01/2026, 08:04:24,52115602964571@lid,Farmer,"I means for soil testing"
22/01/2026, 08:04:25,52115602964571@lid,Bot,"For soil testing  these labs are available:  1. Crop Nutrition Laboratory (CropNuts): Complete Soil "
22/01/2026, 08:05:12,52115602964571@lid,Farmer,"My beans are turning yellow"
22/01/2026, 08:05:14,52115602964571@lid,Bot,"Yellowing beans can be due to several issues.  1. Check for nutrient deficiencies like nitrogen or m"
22/01/2026, 08:21:20,52115602964571@lid,Farmer,"Hi"
22/01/2026, 08:21:21,52115602964571@lid,Bot,"Welcome Message"
22/01/2026, 08:25:59,52115602964571@lid,Farmer,"Hi"
22/01/2026, 08:25:59,52115602964571@lid,Bot,"Welcome Message"
22/01/2026, 08:26:31,52115602964571@lid,Farmer,"What’s wrong with this"
22/01/2026, 08:26:34,52115602964571@lid,Bot,"The bean plant appears to have been attacked by insects.  1. Apply an insecticide like Thunder or Es"
22/01/2026, 08:27:02,52115602964571@lid,Farmer,"Blank insects"
22/01/2026, 08:27:03,52115602964571@lid,Bot,"The bean plant appears to have been attacked by insects. 1. Apply an insecticide like Thunder or Esc"
22/01/2026, 08:27:58,52115602964571@lid,Farmer,"Any better insecticide you would recommend apart from Thunder or escort"
22/01/2026, 08:28:00,52115602964571@lid,Bot,"For bean insects  consider using Ridomil Gold. 1. Apply Ridomil Gold as per instructions. 2. Ensure "
22/01/2026, 08:28:34,52115602964571@lid,Farmer,"Some of the beans are wilted"
22/01/2026, 08:28:35,52115602964571@lid,Bot,"The bean plant appears to be suffering from wilt. 1. Apply a fungicide like Ridomil Gold or Mancozeb"
22/01/2026, 08:29:04,52115602964571@lid,Farmer,"None"
22/01/2026, 08:32:16,52115602964571@lid,Farmer,"Hi"
22/01/2026, 08:32:16,52115602964571@lid,Bot,"Welcome Message"
22/01/2026, 08:33:21,52115602964571@lid,Farmer,"What’s wrong with this"
22/01/2026, 08:33:49,52115602964571@lid,Farmer,"Where can I get Ridomin in Litein"
22/01/2026, 08:46:32,52115602964571@lid,Farmer,"Where can I get Ridomin in Litein"
22/01/2026, 10:43:43,52115602964571@lid,Farmer,"Hi"
22/01/2026, 10:43:43,52115602964571@lid,Bot,"Welcome Message"
22/01/2026, 10:43:55,52115602964571@lid,Farmer,"What’s wrong with this"
22/01/2026, 10:43:58,52115602964571@lid,Bot,"The bean leaves appear to be damaged by insects.  1. Inspect for any visible pests on the plants. 2."
22/01/2026, 10:44:25,52115602964571@lid,Farmer,"Where can I get those is Bomet"
22/01/2026, 10:44:52,52115602964571@lid,Farmer,"Which agrovet can I get those is Bomet"
22/01/2026, 10:46:58,52115602964571@lid,Farmer,"H"
22/01/2026, 10:52:07,52115602964571@lid,Farmer,"[Media: ptt]"
22/01/2026, 10:52:29,52115602964571@lid,Farmer,"Hi"
22/01/2026, 10:52:29,52115602964571@lid,Bot,"Welcome Message"
22/01/2026, 10:55:13,52115602964571@lid,Farmer,"[Media: ptt]"
22/01/2026, 10:56:09,52115602964571@lid,Farmer,"Which agrovet can I get genuine herbicide in Bomet"
22/01/2026, 10:56:46,52115602964571@lid,Farmer,"Hi"
22/01/2026, 10:56:46,52115602964571@lid,Bot,"Welcome Message"
22/01/2026, 10:56:56,52115602964571@lid,Farmer,"[Media: image]"
22/01/2026, 10:57:44,52115602964571@lid,Farmer,"Which agrovet can I get genuine herbicide in Bomet"
22/01/2026, 10:59:16,52115602964571@lid,Farmer,"Which agrovet can I get genuine herbicide in Bomet"
22/01/2026, 11:03:22,52115602964571@lid,Farmer,"Hi"
22/01/2026, 11:03:22,52115602964571@lid,Bot,"Welcome Message"
22/01/2026, 11:03:28,52115602964571@lid,Farmer,"Which agrovet can I get genuine herbicide in Bomet"
22/01/2026, 11:08:30,52115602964571@lid,Farmer,"[Media: ptt]"
22/01/2026, 11:22:45,252655746179268@lid,Farmer,"How much feed should I be feeding a month old chicks  60 of them"
22/01/2026, 11:29:46,52115602964571@lid,Farmer,"Hi"
22/01/2026, 11:29:46,52115602964571@lid,Bot,"Welcome Message"
22/01/2026, 11:30:02,52115602964571@lid,Farmer,"[Media: ptt]"
22/01/2026 11:47:41,52115602964571@lid,Farmer,"Hi"
22/01/2026 11:47:42,52115602964571@lid,Bot,"Welcome Message"
22/01/2026 11:47:53,52115602964571@lid,Farmer,"What’s wrong with this"
22/01/2026 11:48:36,52115602964571@lid,Farmer,"[Media]"
22/01/2026 11:48:57,52115602964571@lid,Farmer,"Any recommendations for beans turning yellow?"
22/01/2026 11:56:11,52115602964571@lid,Farmer,"Hi"
22/01/2026 11:56:12,52115602964571@lid,Bot,"Welcome Message"
22/01/2026 11:56:21,52115602964571@lid,Farmer,"[Media: image]"
22/01/2026 11:59:11,52115602964571@lid,Farmer,"Hi"
22/01/2026 11:59:11,52115602964571@lid,Bot,"Welcome Message"
22/01/2026 11:59:34,52115602964571@lid,Farmer,"My beans are turning brown what could be the issue"
22/01/2026 11:59:39,52115602964571@lid,Bot,"The issue depends on where the browning is occurring:  1.  **Check the location:** Are the leaves tu"
22/01/2026 11:59:57,52115602964571@lid,Farmer,"[Media: image]"
22/01/2026 12:07:48,52115602964571@lid,Farmer,"My beans are turning brown what could be the issue"
22/01/2026 22:25:59,52115602964571@lid,Farmer,"hi"
22/01/2026 22:25:59,52115602964571@lid,Bot,"Welcome Message"
22/01/2026 22:26:24,52115602964571@lid,Farmer,"[Media: image]"
22/01/2026 22:26:28,52115602964571@lid,Bot,"Hello there! I've examined the photo of your bean plants.  It looks like your bean plants are suffer"
22/01/2026 22:30:12,52115602964571@lid,Farmer,"hi"
22/01/2026 22:30:12,52115602964571@lid,Bot,"Welcome Message"
22/01/2026 22:30:21,52115602964571@lid,Farmer,"[Media: image]"
22/01/2026 22:31:40,52115602964571@lid,Farmer,"my bean plants are suffering from **leaf miner damage**. how can you help?"
22/01/2026 22:50:08,52115602964571@lid,Farmer,"hi"
22/01/2026 22:50:09,52115602964571@lid,Bot,"Welcome Message"
22/01/2026 22:50:40,52115602964571@lid,Farmer,"How do I control aphids on beans?"
22/01/2026 22:50:42,52115602964571@lid,Bot,"Aphids on beans can be controlled. 1. Spray Escort 19EC or Thunder 50EC. 2. Use neem oil for organic"
22/01/2026 23:13:13,52115602964571@lid,Farmer,"hi"
22/01/2026 23:13:13,52115602964571@lid,Bot,"Welcome Message"
22/01/2026 23:14:55,52115602964571@lid,Farmer,"hi"
22/01/2026 23:14:55,52115602964571@lid,Bot,"Welcome Message"
22/01/2026 23:16:01,52115602964571@lid,Farmer,"[Media: ptt]"
22/01/2026 23:18:37,52115602964571@lid,Farmer,"[Media: ptt]"
22/01/2026 23:22:17,52115602964571@lid,Farmer,"[Media: ptt]"
22/01/2026 23:28:58,52115602964571@lid,Farmer,"hi"
22/01/2026 23:28:59,52115602964571@lid,Bot,"Welcome Message"
22/01/2026 23:29:49,52115602964571@lid,Farmer,"[Media: image]"
22/01/2026 23:33:02,52115602964571@lid,Farmer,"hi"
22/01/2026 23:33:03,52115602964571@lid,Bot,"Welcome Message"
22/01/2026 23:33:21,52115602964571@lid,Farmer,"How do I control aphids on beans?"
22/01/2026 23:33:23,52115602964571@lid,Bot,"Aphids on beans can be tough  but we can manage.  1.  Spray Escort 19EC or Thunder insecticide. 2.  "
22/01/2026 23:38:54,52115602964571@lid,Farmer,"hi"
22/01/2026 23:38:54,52115602964571@lid,Bot,"Welcome Message"
22/01/2026 23:39:10,52115602964571@lid,Farmer,"How do I control aphids on beans?"
22/01/2026 23:39:13,52115602964571@lid,Bot,"Aphids are a common pest on beans  causing significant yield loss. Here's how to manage them:  1.  *"
22/01/2026 23:41:28,52115602964571@lid,Farmer,"How do I control aphids on beans?"
22/01/2026 23:41:29,52115602964571@lid,Bot,"I can help you control aphids on your beans!  *   Spray **Thunder** (Mix **20ml** in **20L** pump). "
22/01/2026 23:43:35,52115602964571@lid,Farmer,"How do I control aphids on beans?"
22/01/2026 23:43:37,52115602964571@lid,Bot,"Ah  aphids on beans! That's a common challenge for farmers  but we can certainly tackle it. These sm"
22/01/2026 23:46:19,52115602964571@lid,Farmer,"what are the costs"
22/01/2026 23:46:21,52115602964571@lid,Bot,"It seems there might be some missing information here. "What are the costs?" is a very general quest"
22/01/2026 23:46:54,52115602964571@lid,Farmer,"of the *Thunder 200 SC* you have recommended"
22/01/2026 23:46:57,52115602964571@lid,Bot,"Ah  you're asking about the cost of **Thunder 200 SC**! That's a sensible question to ask.  The pric"
22/01/2026 23:47:26,52115602964571@lid,Farmer,"where can i get in kericho"
22/01/2026 23:47:28,52115602964571@lid,Bot,"Ah  you're looking for **Thunder 200 SC** in Kericho! Getting reliable agrochemicals is crucial for "
22/01/2026 23:50:22,52115602964571@lid,Farmer,"How do I control aphids on beans?"
22/01/2026 23:52:08,52115602964571@lid,Farmer,"How do I control aphids on beans?"
22/01/2026 23:52:10,52115602964571@lid,Bot,"Ah  aphids on beans! A common challenge  but we can sort this out.  Here's how you can effectively m"
22/01/2026 23:52:42,52115602964571@lid,Farmer,"where can i get thunder 50 ec in kericho"
22/01/2026 23:52:44,52115602964571@lid,Bot,"You're looking for **Thunder 50 EC** in Kericho  excellent choice for aphid control! Here are some s"
22/01/2026 23:53:06,52115602964571@lid,Farmer,"can you recommend and affordable alternative"
22/01/2026 23:53:08,52115602964571@lid,Bot,"You need an affordable alternative for aphid control on your beans? No problem  we have good options"
22/01/2026 23:53:40,52115602964571@lid,Farmer,"whats the estimate price"
22/01/2026 23:53:42,52115602964571@lid,Bot,"Ah  you're asking about the estimated price for **Thunder 50 EC** and **Escort 19 EC**! Prices can f"
22/01/2026 23:54:10,52115602964571@lid,Farmer,"thats all"
22/01/2026 23:54:11,52115602964571@lid,Bot,"You're welcome! Glad I could help with the information on Thunder 50 EC and Escort 19 EC. Keep up th"
22/01/2026 23:57:23,52115602964571@lid,Farmer,"How do I control aphids on beans?"
22/01/2026 23:57:26,52115602964571@lid,Bot,"Yes  aphids can be a real nuisance on beans  but we can sort that out.  1.  Chemical: Use Thunder in"
22/01/2026 23:58:05,52115602964571@lid,Farmer,"where can i get it in kericho and what’s the estimated price"
22/01/2026 23:58:07,52115602964571@lid,Bot,"You can get these products from several shops in Kericho.  Here are the contacts for shops that stoc"
23/01/2026 00:00:00,52115602964571@lid,Farmer,"whats the estimate"
23/01/2026 00:00:02,52115602964571@lid,Bot,"You're looking for an estimate on the cost of agricultural inputs.  The prices for agricultural prod"
23/01/2026 00:00:20,52115602964571@lid,Farmer,"okay thank you"
23/01/2026 00:00:22,52115602964571@lid,Bot,"You're most welcome! It's always good to be prepared.  If you need any more advice on your crops  or"
23/01/2026 00:00:57,52115602964571@lid,Farmer,"can you recommend and affordable alternative to Thunder 50 EC"
23/01/2026 00:00:59,52115602964571@lid,Bot,"I understand you are looking for an affordable alternative to Thunder 50 EC.  Here's a recommendatio"
23/01/2026 00:01:19,52115602964571@lid,Farmer,"whats its estimate price"
23/01/2026 00:01:21,52115602964571@lid,Bot,"You're looking for an estimate on the price of agricultural inputs.  The prices for agricultural pro"
23/01/2026 00:03:49,52115602964571@lid,Farmer,"can you recommend and affordable alternative to Thunder 50 EC"
23/01/2026 00:03:52,52115602964571@lid,Bot,"For an affordable alternative to Thunder 50 EC  you can consider using Escort 191 EC.  Mix 40ml of E"
23/01/2026 00:04:10,52115602964571@lid,Farmer,"What’s the estimated price"
23/01/2026 00:04:34,52115602964571@lid,Farmer,"Thank you"
23/01/2026 00:05:36,52115602964571@lid,Farmer,"can you recommend and affordable alternative to Thunder 50 EC"
23/01/2026 00:05:42,52115602964571@lid,Bot,"Escort 5% EC (Cypermethrin) is an excellent  more affordable alternative to Thunder 50 EC. It provid"
23/01/2026 00:06:37,52115602964571@lid,Farmer,"Are there more affordable options since my garden is small"
23/01/2026 00:06:44,52115602964571@lid,Bot,"For a small garden  you often need the most cost-effective chemical sold in smaller  manageable unit"
23/01/2026 00:07:19,52115602964571@lid,Farmer,"When can I get it in Litein"
23/01/2026 00:07:24,52115602964571@lid,Bot,"The recommended chemicals like Duduthrin and Escort are standard items usually available in most est"
23/01/2026 00:15:17,52115602964571@lid,Farmer,"Hi"
23/01/2026 00:15:18,52115602964571@lid,Bot,"Welcome Message"
23/01/2026 14:11:00,52115602964571@lid,Farmer,"Hi"
23/01/2026 14:11:00,52115602964571@lid,Bot,"Welcome Message"
23/01/2026 14:11:12,52115602964571@lid,Farmer,"[Media: ptt]"
23/01/2026 14:11:15,52115602964571@lid,Bot,"It sounds like your chickens might have a respiratory issue. This could be due to various causes lik"
23/01/2026 14:11:36,52115602964571@lid,Farmer,"[Media: ptt]"
23/01/2026 14:11:39,52115602964571@lid,Bot,"You can find Escort and other veterinary medicines at most reputable agro-vet shops in Kericho town."
23/01/2026 20:18:18,52115602964571@lid,Farmer,"Hi"
23/01/2026 20:18:19,52115602964571@lid,Bot,"Welcome Message"
23/01/2026 20:47:51,52115602964571@lid,Farmer,"Hi"
23/01/2026 20:47:51,52115602964571@lid,Bot,"Welcome Message"
23/01/2026 20:48:03,52115602964571@lid,Farmer,"I think I swallowed poison"
23/01/2026 20:48:05,52115602964571@lid,Bot,"I am an agricultural field officer  and I can help you with farming advice  but I am not qualified t"
23/01/2026 20:51:56,52115602964571@lid,Farmer,"Hi"
23/01/2026 20:51:57,52115602964571@lid,Bot,"Welcome Message"
23/01/2026 20:52:12,52115602964571@lid,Farmer,"I think I swallowed poison"
23/01/2026 20:52:16,52115602964571@lid,Bot,"This is a medical emergency.  Please stop immediately and seek professional medical help.  You must "
23/01/2026 21:04:43,52115602964571@lid,Farmer,"Hi"
23/01/2026 21:04:43,52115602964571@lid,Bot,"Welcome Message"
23/01/2026 21:04:54,52115602964571@lid,Farmer,"I think I swallowed poison"
23/01/2026 21:04:58,52115602964571@lid,Bot,"This is a medical emergency. I am an agricultural officer  not a medical professional.  You need to "
23/01/2026 21:56:01,52115602964571@lid,Farmer,"hi"
23/01/2026 21:56:02,52115602964571@lid,Bot,"Welcome Message"
23/01/2026 21:56:39,52115602964571@lid,Farmer,"I swallowed poison"
23/01/2026 21:56:43,52115602964571@lid,Bot,"This is a serious medical emergency. I am an agricultural officer  not a doctor.  You need immediate"
23/01/2026 22:04:08,52115602964571@lid,Farmer,"Hi"
23/01/2026 22:04:08,52115602964571@lid,System,"MENU"
23/01/2026 22:04:19,52115602964571@lid,Farmer,"I have swallowed poison"
23/01/2026 22:04:19,52115602964571@lid,System,"DANGER"
23/01/2026 22:08:06,52115602964571@lid,Farmer,"Hi"
23/01/2026 22:08:07,52115602964571@lid,System,"MENU"
23/01/2026 22:14:39,52115602964571@lid,Farmer,"i have accidentally swallowed undertaker"
23/01/2026 22:14:39,52115602964571@lid,System,"DANGER"
23/01/2026 22:17:47,52115602964571@lid,Farmer,"[Media: ptt]"
23/01/2026 22:17:52,52115602964571@lid,Bot,"As the Farmers Assistant  my expertise is in agriculture and crop management. I am not qualified to "
23/01/2026 22:23:46,52115602964571@lid,Farmer,"Hi"
23/01/2026 22:23:46,52115602964571@lid,System,"MENU"
23/01/2026 22:23:56,52115602964571@lid,Farmer,"i have accidentally swallowed undertaker"
23/01/2026 22:23:57,52115602964571@lid,System,"DANGER"
06/02/2026 16:26:41,52115602964571@lid,Farmer,"hi"
06/02/2026 16:26:43,52115602964571@lid,System,"MENU"
06/02/2026 16:26:56,52115602964571@lid,Farmer,"[Media: image]"
06/02/2026 16:26:58,52115602964571@lid,Bot,"The leaves of your bean plants show signs of insect damage  likely from caterpillars or beetles.  Ch"
06/02/2026 16:27:15,52115602964571@lid,Farmer,"my cat died because of poison"
06/02/2026 16:27:16,52115602964571@lid,System,"DANGER"
06/02/2026 16:30:12,52115602964571@lid,Farmer,"where can i get urea in Litein"
06/02/2026 16:30:13,52115602964571@lid,Bot,"For urea in Litein  you can visit Litein Vet Services. They are located on Kericho Sotik Road and yo"
06/02/2026 16:31:03,52115602964571@lid,Farmer,"how about in Kipsitet"
06/02/2026 16:31:05,52115602964571@lid,Bot,"Which town are you in?"
06/02/2026 16:31:12,52115602964571@lid,Farmer,"Kipsistet"
06/02/2026 16:31:14,52115602964571@lid,Bot,"For urea in Kipsitet  you can check with shops along the main road. You can also try contacting Kips"
06/02/2026 16:31:46,52115602964571@lid,Farmer,"how about KERICHO"
06/02/2026 16:31:48,52115602964571@lid,Bot,"For urea in Kericho  you can visit Tulwet. They are located opposite the County Government Offices a"
06/02/2026 16:45:09,52115602964571@lid,Farmer,"Hi"
06/02/2026 16:45:11,52115602964571@lid,System,"MENU"
06/02/2026 16:45:57,52115602964571@lid,Farmer,"[Media: ptt]"
06/02/2026 16:46:01,52115602964571@lid,Bot,"Hello there! I've heard your voice note about your beans turning yellow. This can happen for a few r"
